<?xml version="1.0" encoding="UTF-8"?>
<!DOCTYPE hibernate-configuration PUBLIC
"-//Hibernate/Hibernate Configuration DTD 3.0//EN"
"http://hibernate.sourceforge.net/hibernate-configuration-3.0.dtd">
<hibernate-configuration>
	<session-factory>

		<property name="hibernate.connection.driver_class">org.hsqldb.jdbcDriver</property>
		<property name="hibernate.connection.url">jdbc:h2:inventoryApp.db;TRACE_LEVEL_FILE=0;TRACE_LEVEL_SYSTEM_OUT=0</property>
		<property name="hibernate.connection.username">user</property>
		<property name="connection.password">pass</property>
		<property name="connection.pool_size">2</property>
		<property name="hibernate.dialect">org.hibernate.dialect.H2Dialect</property>
		<property name="show_sql">false</property>
		<property name="format_sql">true</property>
		<property name="use_sql_comments">true</property>
		<property name="hibernate.connection.autocommit">true</property>
		<property name="hbm2ddl.auto">update</property>
		<!-- Mapping for new tables -->
		<mapping class="com.ca.db.model.Department" />
		<mapping class="com.ca.db.model.Employee" />
		<mapping class="com.ca.db.model.LoginUser" />
		<mapping class="com.ca.db.model.Person" />
		<mapping class="com.ca.db.model.ApplicationLog" />
		<mapping class="com.ca.db.model.BranchOffice" />
		<mapping class="com.ca.db.model.Vendor" />
		<mapping class="com.ca.db.model.Category" />
		<mapping class="com.ca.db.model.Item" />
		<mapping class="com.ca.db.model.Nikasa" />
		<mapping class="com.ca.db.model.Specification" />
		<mapping class="com.ca.db.model.Role" />
		<mapping class="com.ca.db.model.ItemReturn" />
		<mapping class="com.ca.db.model.NikasaRequest" />
		<mapping class="com.ca.db.model.PurchaseOrder" />
		<mapping class="com.ca.db.model.UnitsString" />

	</session-factory>
</hibernate-configuration>
